use carRentalSystem;

INSERT INTO CUSTOMER_DETAILS VALUES('F1234554', 'KEERTHI',NULL,'RAVICHANDRAN','4696004267', 'keerthi@gmail.com','700 CAMPBELL RD','RICHARDSON','TEXAS',75080,'M','M1001');
INSERT INTO CUSTOMER_DETAILS VALUES('F9764521', 'SWAMI',NULL,'VARADHA CHANDRASEKARAN','4696478596', 'nivi07@gmail.com','800 RENNER RD','RICHARDSON','TEXAS',75080,'M','M1002');
INSERT INTO CUSTOMER_DETAILS VALUES('F2345611', 'JIGNESH','KUMAR','GOPALAKRISHNAN','8189187546', 'suresh2234@gmail.com','6547 CANOGA AVE','CANOGA PARK','CALIFORNIA',91303,'N',NULL);
INSERT INTO CUSTOMER_DETAILS VALUES('P1234567', 'CHRIS',NULL,'ALEXANDER','9902489', 'chrisalex@gmail.com','2256 WALL STREET','NEWARK','NEW JERSEY',65289,'M','M1003');
INSERT INTO CUSTOMER_DETAILS VALUES('V5690245', 'PRIYAL','S','DESHMUKH','9908762514', 'deshpriyal@gmail.com','0099 ALMA ROAD','DULLES','VIRGINIA',97325,'N',NULL);

INSERT INTO CAR_CATEGORY VALUES('ECONOMY',5,30,0.9);
INSERT INTO CAR_CATEGORY VALUES('STANDARD',5,38,1.14);
INSERT INTO CAR_CATEGORY VALUES('LUXURY CAR',5,75,2.25);
INSERT INTO CAR_CATEGORY VALUES('SUV',5,40,1.2);

INSERT INTO LOCATION_DETAILS VALUES('L101','DALLAS LOVE FIELD AIRPORT','Herb Kelleher Way','Dallas','Texas',75235);
INSERT INTO LOCATION_DETAILS VALUES('L102','LOS ANGELES INTL AIRPORT','World Way','Los Angeles','California',90045);
INSERT INTO LOCATION_DETAILS VALUES('L103','DALLAS/ FORT WORTH INTL AIRPORT','International Pkwy','DFW Airport','Texas',75261);
INSERT INTO LOCATION_DETAILS VALUES('L104','WEST HOUSTON AIRPORT','Groschke Rd','Houston','Texas',77094);
INSERT INTO LOCATION_DETAILS VALUES('L105','WASHINGTON DULLES INTL AIRPORT','Saarinen Cir','Dulles','Virginia',20166);

INSERT INTO CAR VALUES('ABX1234','HONDA',10000,'ECONOMY','L101','A');
INSERT INTO CAR VALUES('SDF4567','FORD',15000,'ECONOMY','L102','N');
INSERT INTO CAR VALUES('WER3245','HYUNDAI',12356,'ECONOMY','L103','A');
INSERT INTO CAR VALUES('TRE9726','CHRYSTLER',14320,'STANDARD','L105','A');
INSERT INTO CAR VALUES('PRA3748','MERCEDES',14324,'STANDARD','L105','A');
INSERT INTO CAR VALUES('QSC8709','LINCOLN',18700,'LUXURY CAR','L101','A');
INSERT INTO CAR VALUES('TGB8961','HYUNDAI',17620,'LUXURY CAR','L102','A');
INSERT INTO CAR VALUES('MKU0172','ACURA',12345,'LUXURY CAR','L103','A');
INSERT INTO CAR VALUES('OHZ0976','FORD',27890,'SUV','L104','A');
INSERT INTO CAR VALUES('RKS9862','CHEVROLET',20390,'SUV','L105','A');

INSERT INTO DISCOUNT_DETAILS VALUES ('D756','HOLIDAY SPECIAL',str_to_date('2017-10-29','%Y-%m-%d'),10);
INSERT INTO DISCOUNT_DETAILS VALUES ('D109','WEEKLY RENTALS',str_to_date('2020-11-09','%Y-%m-%d'),25);

INSERT INTO RENTAL_CAR_INSURANCE VALUES('I201', 'COLLISION DAMAGE WAIVER', 'Covers theft and total damage to the rental car',15);
INSERT INTO RENTAL_CAR_INSURANCE VALUES('I203', 'PERSONAL ACCIDENT INSURANCE', 'Covers medical costs for driver and passengers',10);

INSERT INTO BOOKING_DETAILS VALUES('B1001',STR_TO_DATE('2016-01-20 10:00:00', '%Y-%m-%d %H:%i:%s'),STR_TO_DATE('2016-01-25 10:00:00', '%Y-%m-%d %H:%i:%s'),150,'R','L101','L101','ABX1234','F1234554',NULL,STR_TO_DATE('2016-01-25 10:00:00', '%Y-%m-%d %H:%i:%s'),'D756');
INSERT INTO BOOKING_DETAILS VALUES('B1002',STR_TO_DATE('2016-01-21 11:00:00', '%Y-%m-%d %H:%i:%s'),STR_TO_DATE('2016-01-24 10:00:00', '%Y-%m-%d %H:%i:%s'),90,'C','L102','L102','WER3245','F2345611',NULL,NULL,NULL);
INSERT INTO BOOKING_DETAILS VALUES('B1003',STR_TO_DATE('2016-02-10 13:00:00', '%Y-%m-%d %H:%i:%s'),STR_TO_DATE('2016-01-15 13:00:00', '%Y-%m-%d %H:%i:%s'),450,'R','L101','L101','TRE9726','V5690245','I201',STR_TO_DATE('2016-01-15 13:00:00', '%Y-%m-%d %H:%i:%s'),NULL);
INSERT INTO BOOKING_DETAILS VALUES('B1004',STR_TO_DATE('2016-04-24 13:00:00', '%Y-%m-%d %H:%i:%s'),STR_TO_DATE('2016-04-25 20:30:00', '%Y-%m-%d %H:%i:%s'),48,'R','L104','L103','OHZ0976','P1234567','I203',STR_TO_DATE('2016-04-23 20:30:00', '%Y-%m-%d %H:%i:%s'),'D109');

INSERT INTO BILLING_DETAILS VALUES('BL1001',str_to_date('2016-01-25','%Y-%m-%d'),24.36 ,138.03,12.38 ,'B1001',0);
INSERT INTO BILLING_DETAILS VALUES('BL1002',str_to_date('2016-01-15','%Y-%m-%d'),0 ,487.13 ,12.38 ,'B1003',0);
INSERT INTO BILLING_DETAILS VALUES('BL1003',str_to_date('2016-04-24','%Y-%m-%d'),10.39 ,41.57 ,3.96 ,'B1004',0);