use carRentalSystem;

INSERT INTO CUSTOMER_DETAILS VALUES('F1234554', 'KEERTHIKUMAR','RAVICHANDRAN','4696004267', 'keerthi@gmail.com','700 CAMPBELL RD','RICHARDSON','TEXAS',75080,'Yes','M1001');
INSERT INTO CUSTOMER_DETAILS VALUES('F9764521', 'NIVEDITHA','VARADHA CHANDRASEKARAN','4696478596', 'nivi07@gmail.com','800 RENNER RD','RICHARDSON','TEXAS',75080,'Yes','M1002');
INSERT INTO CUSTOMER_DETAILS VALUES('F2345611', 'SURESH','GOPALAKRISHNAN','8189187546', 'suresh2234@gmail.com','6547 CANOGA AVE','CANOGA PARK','CALIFORNIA',91303,'No',NULL);
INSERT INTO CUSTOMER_DETAILS VALUES('P1234567', 'CHRIS','ALEXANDER','9902489', 'chrisalex@gmail.com','2256 WALL STREET','NEWARK','NEW JERSEY',65289,'Yes','M1003');
INSERT INTO CUSTOMER_DETAILS VALUES('V5690245', 'PRIYAL','DESHMUKH','9908762514', 'deshpriyal@gmail.com','0099 ALMA ROAD','DULLES','VIRGINIA',97325,'No',NULL);

INSERT INTO CAR_CATEGORY VALUES('ECONOMY',5,30);
INSERT INTO CAR_CATEGORY VALUES('STANDARD',5,38);
INSERT INTO CAR_CATEGORY VALUES('LUXURY CAR',5,75);
INSERT INTO CAR_CATEGORY VALUES('SUV',5,40);

INSERT INTO LOCATION_DETAILS VALUES('L101','LOS ANGELES INTL AIRPORT',90045);
INSERT INTO LOCATION_DETAILS VALUES('L102','WEST HOUSTON AIRPORT',77094);
INSERT INTO LOCATION_DETAILS VALUES('L103','WASHINGTON DULLES INTL AIRPORT',20166);

INSERT INTO CAR VALUES('ABX1234','Honda',10000,'ECONOMY','L101','A');
INSERT INTO CAR VALUES('SDF4567','Ford',15000,'ECONOMY','L102','N');
INSERT INTO CAR VALUES('WER3245','Hyundai',12356,'ECONOMY','L103','A');
INSERT INTO CAR VALUES('TRE9726','Chrystler',14320,'STANDARD','L101','A');
INSERT INTO CAR VALUES('PRA3748','Mercedes',14324,'STANDARD','L102','A');
INSERT INTO CAR VALUES('QSC8709','Lincoln',18700,'LUXURY CAR','L103','A');
INSERT INTO CAR VALUES('TGB8961','Hyundai',17620,'LUXURY CAR','L101','A');
INSERT INTO CAR VALUES('MKU0172','Acura',12345,'LUXURY CAR','L102','A');
INSERT INTO CAR VALUES('OHZ0976','Ford',27890,'SUV','L103','A');
INSERT INTO CAR VALUES('RKS9862','Chevrolt',20390,'SUV','L101','A');

INSERT INTO DISCOUNT_DETAILS VALUES ('D756','HOLIDAY SPECIAL',str_to_date('2023-11-15','%Y-%m-%d'),10);
INSERT INTO DISCOUNT_DETAILS VALUES ('D109','WEEKLY RENTALS',str_to_date('2023-07-01','%Y-%m-%d'),25);

INSERT INTO RENTAL_CAR_INSURANCE VALUES('I201', 'COLLISION DAMAGE WAIVER', 'Covers theft and total damage to the rental car',15);
INSERT INTO RENTAL_CAR_INSURANCE VALUES('I203', 'PERSONAL ACCIDENT INSURANCE', 'Covers medical costs for driver and passengers',10);

INSERT INTO BOOKING_DETAILS VALUES('B1001',STR_TO_DATE('2016-01-20 10:00:00', '%Y-%m-%d %H:%i:%s'),STR_TO_DATE('2016-01-25 10:00:00', '%Y-%m-%d %H:%i:%s'),150,'ABX1234','F1234554',NULL,'D756');
INSERT INTO BOOKING_DETAILS VALUES('B1002',STR_TO_DATE('2016-01-21 11:00:00', '%Y-%m-%d %H:%i:%s'),STR_TO_DATE('2016-01-15 10:00:00', '%Y-%m-%d %H:%i:%s'),90,'WER3245','F2345611',NULL,NULL);
INSERT INTO BOOKING_DETAILS VALUES('B1003',STR_TO_DATE('2016-02-10 13:00:00', '%Y-%m-%d %H:%i:%s'),STR_TO_DATE('2016-04-24 13:00:00', '%Y-%m-%d %H:%i:%s'),450,'TRE9726','V5690245','I201',NULL);


INSERT INTO BILLING_DETAILS VALUES('BL1001',str_to_date('2016-01-25','%Y-%m-%d'),24.36 ,138.03,'B1001');
INSERT INTO BILLING_DETAILS VALUES('BL1002',str_to_date('2016-01-15','%Y-%m-%d'),0 ,487.13,'B1002');
INSERT INTO BILLING_DETAILS VALUES('BL1003',str_to_date('2016-04-24','%Y-%m-%d'),10.39 ,41.57,'B1003');